id	importance
#q2:types	numeric
d__Bacteria;p__Cyanobacteria;c__Cyanobacteriia;o__Synechococcales;f__Synechococcales_Incertae_Sedis	0.331344030201949
d__Bacteria;p__Cyanobacteria;c__Cyanobacteriia;o__Leptolyngbyales;f__Leptolyngbyaceae	0.162434058646248
d__Bacteria;p__Cyanobacteria;c__Cyanobacteriia;o__Phormidesmiales;f__Phormidesmiaceae	0.0547084576885362
d__Bacteria;p__Bdellovibrionota;c__Oligoflexia;o__Oligoflexales;f__uncultured	0.0423095774656691
d__Bacteria;p__Bacteroidota;c__Bacteroidia;o__Chitinophagales;f__uncultured	0.0253281369336758
d__Bacteria;p__Proteobacteria;c__Alphaproteobacteria;o__Micavibrionales;f__uncultured	0.0189195905089256
d__Bacteria;p__Cyanobacteria;c__Cyanobacteriia;o__Cyanobacteriales;f__Xenococcaceae	0.0188157862666044
d__Bacteria;p__WPS-2;c__WPS-2;o__WPS-2;f__WPS-2	0.0158959441478872
d__Bacteria;p__Proteobacteria;c__Gammaproteobacteria;o__Alteromonadales;f__Colwelliaceae	0.0157090587303411
d__Bacteria;p__Bacteroidota;c__Bacteroidia;o__Chitinophagales;f__Saprospiraceae	0.0137939970543877
d__Bacteria;p__Proteobacteria;c__Gammaproteobacteria;o__Thiotrichales;f__Thiotrichaceae	0.0112752195594163
d__Bacteria;p__Bacteroidota;c__Bacteroidia;o__Chitinophagales;f__Chitinophagaceae	0.0101848026483697
d__Bacteria;p__Bacteroidota;c__Bacteroidia;o__Cytophagales;f__Amoebophilaceae	0.00985675547735421
d__Bacteria;p__Bacteroidota;c__Bacteroidia;o__Flavobacteriales;f__Flavobacteriaceae	0.00923748825921726
d__Bacteria;p__Bacteroidota;c__Bacteroidia;o__Sphingobacteriales;f__NS11-12_marine_group	0.00905803613986073
d__Bacteria;p__Proteobacteria;c__Gammaproteobacteria;o__Alteromonadales;f__Alteromonadaceae	0.00759912599651139
d__Bacteria;p__Proteobacteria;c__Gammaproteobacteria;__;__	0.00744818366166483
d__Bacteria;p__Verrucomicrobiota;c__Verrucomicrobiae;o__Verrucomicrobiales;f__Rubritaleaceae	0.00615547551553951
d__Bacteria;p__Bacteroidota;c__Bacteroidia;o__Cytophagales;f__Spirosomaceae	0.00593574054058549
d__Bacteria;p__Planctomycetota;c__Planctomycetes;o__Pirellulales;f__Pirellulaceae	0.00558389441885021
d__Bacteria;p__Proteobacteria;c__Gammaproteobacteria;o__OM182_clade;f__OM182_clade	0.00558325959842123
d__Bacteria;p__Proteobacteria;c__Gammaproteobacteria;o__Cellvibrionales;f__Spongiibacteraceae	0.00548752424990877
d__Bacteria;p__Proteobacteria;c__Alphaproteobacteria;o__Micavibrionales;f__Micavibrionaceae	0.00516718790685052
d__Bacteria;p__Bacteroidota;c__Bacteroidia;o__Flavobacteriales;f__Cryomorphaceae	0.00464255885744181
d__Bacteria;p__Proteobacteria;c__Alphaproteobacteria;o__Rhizobiales;f__Rhizobiaceae	0.00463935467889365
d__Bacteria;p__Myxococcota;c__Polyangia;o__Blfdi19;f__Blfdi19	0.00444380443821693
d__Bacteria;p__Proteobacteria;c__Alphaproteobacteria;o__Rhodospirillales;f__uncultured	0.0044038635129911
d__Bacteria;p__Proteobacteria;c__Alphaproteobacteria;o__Sphingomonadales;f__Sphingomonadaceae	0.00427458317024757
d__Bacteria;p__Proteobacteria;c__Gammaproteobacteria;o__Vibrionales;f__Vibrionaceae	0.00417949462623268
d__Bacteria;p__Proteobacteria;c__Alphaproteobacteria;__;__	0.00416564348807334
d__Bacteria;p__Proteobacteria;c__Gammaproteobacteria;o__Arenicellales;f__Arenicellaceae	0.00403921486189818
d__Bacteria;p__Proteobacteria;c__Gammaproteobacteria;o__Cellvibrionales;f__Cellvibrionaceae	0.00386192486456028
d__Bacteria;p__Bdellovibrionota;c__Bdellovibrionia;o__Bdellovibrionales;f__Bdellovibrionaceae	0.00381383360879556
d__Bacteria;p__Actinobacteriota;c__Acidimicrobiia;o__Microtrichales;f__Microtrichaceae	0.00379005313349396
d__Bacteria;p__Verrucomicrobiota;c__Kiritimatiellae;o__WCHB1-41;f__WCHB1-41	0.00362682057698885
d__Bacteria;p__Bacteroidota;c__Bacteroidia;o__Cytophagales;f__Bernardetiaceae	0.00347551158771718
d__Bacteria;p__Planctomycetota;c__Phycisphaerae;o__Phycisphaerales;f__Phycisphaeraceae	0.00342750589078405
d__Bacteria;p__Proteobacteria;c__Gammaproteobacteria;o__Burkholderiales;f__Comamonadaceae	0.00334649448264048
d__Bacteria;p__Bacteroidota;c__Bacteroidia;o__Flavobacteriales;f__NS9_marine_group	0.00329663879434433
d__Bacteria;p__Proteobacteria;c__Alphaproteobacteria;o__Caulobacterales;f__Hyphomonadaceae	0.00324748020772909
d__Bacteria;p__Chloroflexi;c__Anaerolineae;o__Ardenticatenales;f__uncultured	0.00324005929440417
d__Bacteria;p__Cyanobacteria;c__Cyanobacteriia;o__Cyanobacteriales;f__Nostocaceae	0.00319137963051291
d__Bacteria;p__Planctomycetota;c__OM190;o__OM190;f__OM190	0.00304589620845972
d__Bacteria;p__Proteobacteria;c__Alphaproteobacteria;o__Rhizobiales;f__Devosiaceae	0.00293135111703676
d__Bacteria;p__Proteobacteria;c__Alphaproteobacteria;o__Tistrellales;f__Geminicoccaceae	0.00291854247624247
d__Bacteria;p__Bacteroidota;c__Rhodothermia;o__Rhodothermales;f__Rhodothermaceae	0.00282288805286317
d__Bacteria;p__Proteobacteria;c__Alphaproteobacteria;o__Rhodospirillales;f__Terasakiellaceae	0.00279689492556983
d__Bacteria;p__Bacteroidota;c__Bacteroidia;o__Cytophagales;f__Cyclobacteriaceae	0.00250241544365728
d__Bacteria;p__Desulfobacterota;c__Desulfuromonadia;o__Bradymonadales;f__Bradymonadales	0.0024748319660589
d__Bacteria;p__Proteobacteria;c__Gammaproteobacteria;o__Granulosicoccales;f__Granulosicoccaceae	0.00246005792328969
d__Bacteria;__;__;__;__	0.0024482961384024
d__Bacteria;p__Planctomycetota;c__BD7-11;o__BD7-11;f__BD7-11	0.00236900395609548
d__Bacteria;p__Proteobacteria;c__Gammaproteobacteria;o__Cellvibrionales;__	0.00228095528138299
d__Bacteria;p__Proteobacteria;c__Gammaproteobacteria;o__Oceanospirillales;f__Marinomonadaceae	0.00222425352264857
d__Bacteria;p__Proteobacteria;c__Alphaproteobacteria;o__Caedibacterales;f__Caedibacteraceae	0.00215329457947306
d__Bacteria;p__Proteobacteria;c__Gammaproteobacteria;o__Gammaproteobacteria_Incertae_Sedis;f__Unknown_Family	0.00210303842693294
d__Bacteria;p__Deinococcota;c__Deinococci;o__Deinococcales;f__Trueperaceae	0.00197333185336537
d__Bacteria;p__Proteobacteria;c__Gammaproteobacteria;o__Oceanospirillales;f__Nitrincolaceae	0.00192050143730063
d__Bacteria;p__Proteobacteria;c__Alphaproteobacteria;o__Rhodobacterales;f__Rhodobacteraceae	0.00188070928493421
d__Bacteria;p__Proteobacteria;c__Gammaproteobacteria;o__Burkholderiales;f__Methylophilaceae	0.00180818152863351
d__Bacteria;p__Planctomycetota;c__Planctomycetes;o__Planctomycetales;f__Rubinisphaeraceae	0.0017710037495293
d__Bacteria;p__Proteobacteria;c__Gammaproteobacteria;o__Chromatiales;f__Sedimenticolaceae	0.00176478552857958
d__Bacteria;p__Proteobacteria;c__Gammaproteobacteria;o__Cellvibrionales;f__Halieaceae	0.00174377330499526
d__Bacteria;p__Myxococcota;c__Polyangia;o__Polyangiales;f__Sandaracinaceae	0.00168049445022758
d__Bacteria;p__Actinobacteriota;c__Acidimicrobiia;o__Microtrichales;f__Ilumatobacteraceae	0.00167026659964464
d__Bacteria;p__Verrucomicrobiota;c__Kiritimatiellae;o__Kiritimatiellales;f__Kiritimatiellaceae	0.00164690356096923
d__Bacteria;p__Proteobacteria;c__Gammaproteobacteria;o__Alteromonadales;f__Pseudoalteromonadaceae	0.00162838254316918
d__Bacteria;p__Cyanobacteria;c__Cyanobacteriia;o__Synechococcales;f__Cyanobiaceae	0.00161597647321103
d__Bacteria;p__Proteobacteria;c__Gammaproteobacteria;o__Oceanospirillales;f__Saccharospirillaceae	0.00157032894940704
d__Bacteria;p__Proteobacteria;c__Gammaproteobacteria;o__Chromatiales;f__Chromatiaceae	0.00154415833268858
d__Bacteria;p__Proteobacteria;c__Alphaproteobacteria;o__Rickettsiales;f__SM2D12	0.00153643913760775
d__Bacteria;p__Chloroflexi;c__Anaerolineae;o__Ardenticatenales;f__Ardenticatenaceae	0.00150909219384967
d__Bacteria;p__Fibrobacterota;c__Fibrobacteria;o__Fibrobacterales;f__Fibrobacteraceae	0.00148305151189086
d__Bacteria;p__Proteobacteria;c__Gammaproteobacteria;o__Nitrosococcales;f__Methylophagaceae	0.00146193076073564
d__Bacteria;p__Proteobacteria;c__Alphaproteobacteria;o__Rickettsiales;f__Rickettsiaceae	0.0014553542069969
d__Bacteria;p__Bacteroidota;c__Bacteroidia;o__Flavobacteriales;f__Crocinitomicaceae	0.00144664970016126
d__Bacteria;p__Bdellovibrionota;c__Bdellovibrionia;o__Bacteriovoracales;f__Bacteriovoracaceae	0.00137630173056469
d__Bacteria;p__Proteobacteria;c__Gammaproteobacteria;o__Tenderiales;f__Tenderiaceae	0.00135013542241235
d__Bacteria;p__Bacteroidota;c__Bacteroidia;o__Flavobacteriales;f__Weeksellaceae	0.00131683752851361
d__Bacteria;p__Desulfobacterota;c__Desulfobacteria;o__Desulfobacterales;f__Desulfosarcinaceae	0.00130233604914867
d__Bacteria;p__Proteobacteria;c__Alphaproteobacteria;o__Rickettsiales;f__Fokiniaceae	0.00128630113361949
d__Bacteria;p__Bacteroidota;c__Bacteroidia;o__Flavobacteriales;f__Schleiferiaceae	0.00125839919205342
d__Bacteria;p__Bacteroidota;c__Bacteroidia;o__Chitinophagales;f__37-13	0.00114140904620218
d__Bacteria;p__Proteobacteria;c__Gammaproteobacteria;o__SZB50;f__SZB50	0.00108936782519056
d__Bacteria;p__Proteobacteria;c__Gammaproteobacteria;o__KI89A_clade;f__KI89A_clade	0.00106064785631781
d__Bacteria;p__Planctomycetota;c__Pla4_lineage;o__Pla4_lineage;f__Pla4_lineage	0.0010472001703935
d__Bacteria;p__Actinobacteriota;c__Actinobacteria;o__Propionibacteriales;f__Propionibacteriaceae	0.00102361832386454
d__Bacteria;p__Proteobacteria;c__Gammaproteobacteria;o__Legionellales;f__Legionellaceae	0.000967925511022899
d__Bacteria;p__Bacteroidota;c__Bacteroidia;o__Bacteroidales;f__Prolixibacteraceae	0.000907265877104846
d__Bacteria;p__Proteobacteria;c__Gammaproteobacteria;o__Piscirickettsiales;f__Piscirickettsiaceae	0.000905624879925561
d__Bacteria;p__Bacteroidota;c__Kapabacteria;o__Kapabacteriales;f__Kapabacteriales	0.000899417226093689
d__Bacteria;p__Verrucomicrobiota;c__Verrucomicrobiae;o__Verrucomicrobiales;f__DEV007	0.000872168940564381
d__Bacteria;p__Desulfobacterota;c__Desulfobulbia;o__Desulfobulbales;f__Desulfocapsaceae	0.000865523219901722
d__Bacteria;p__Bacteroidota;c__Rhodothermia;o__Balneolales;f__Balneolaceae	0.000827874801778145
d__Bacteria;p__Proteobacteria;c__Alphaproteobacteria;o__Rhizobiales;f__Hyphomicrobiaceae	0.000825180588657614
d__Bacteria;p__SAR324_clade(Marine_group_B);c__SAR324_clade(Marine_group_B);o__SAR324_clade(Marine_group_B);f__SAR324_clade(Marine_group_B)	0.000822974996534929
d__Bacteria;p__Cyanobacteria;c__Vampirivibrionia;o__Caenarcaniphilales;f__Caenarcaniphilales	0.00080926435966381
d__Bacteria;p__Proteobacteria;c__Alphaproteobacteria;o__Micavibrionales;__	0.000802097177016069
d__Bacteria;p__Proteobacteria;c__Gammaproteobacteria;o__HOC36;f__HOC36	0.000744695012950663
d__Bacteria;p__Proteobacteria;c__Alphaproteobacteria;o__Paracaedibacterales;f__Paracaedibacteraceae	0.000737041998383044
d__Bacteria;p__Proteobacteria;c__Alphaproteobacteria;o__Rhizobiales;f__Stappiaceae	0.000710155676771131
d__Bacteria;p__Proteobacteria;c__Gammaproteobacteria;o__Granulosicoccales;f__uncultured	0.000683636476558197
d__Bacteria;p__Bacteroidota;c__Bacteroidia;o__Flavobacteriales;f__NS7_marine_group	0.000683016219953974
d__Bacteria;p__Proteobacteria;c__Gammaproteobacteria;o__Steroidobacterales;f__Woeseiaceae	0.000670342911533025
d__Bacteria;p__Bacteroidota;c__Bacteroidia;o__Sphingobacteriales;f__KD3-93	0.00066965267169823
d__Bacteria;p__Proteobacteria;c__Gammaproteobacteria;o__BD7-8;f__BD7-8	0.000663792202011634
d__Bacteria;p__Proteobacteria;c__Gammaproteobacteria;o__Oceanospirillales;f__Pseudohongiellaceae	0.000648738270546269
d__Bacteria;p__Proteobacteria;c__Gammaproteobacteria;o__Alteromonadales;f__Psychromonadaceae	0.000647769814077937
d__Bacteria;p__Campilobacterota;c__Campylobacteria;o__Campylobacterales;f__Sulfurimonadaceae	0.000646643724714628
d__Bacteria;p__Planctomycetota;c__028H05-P-BN-P5;o__028H05-P-BN-P5;f__028H05-P-BN-P5	0.000645605883148171
d__Bacteria;p__Verrucomicrobiota;c__Verrucomicrobiae;o__Opitutales;f__Puniceicoccaceae	0.000630008944864049
d__Bacteria;p__Acidobacteriota;c__Thermoanaerobaculia;o__Thermoanaerobaculales;f__Thermoanaerobaculaceae	0.00062732522219676
d__Bacteria;p__Proteobacteria;c__Alphaproteobacteria;o__SAR11_clade;f__Clade_I	0.00062405671485547
d__Bacteria;p__Proteobacteria;c__Gammaproteobacteria;o__Burkholderiales;f__Burkholderiaceae	0.000610128910507708
d__Bacteria;p__Bacteroidota;c__Bacteroidia;__;__	0.00060603406583111
d__Bacteria;p__Proteobacteria;__;__;__	0.000594553658034296
d__Bacteria;p__Proteobacteria;c__Gammaproteobacteria;o__Oceanospirillales;f__Halomonadaceae	0.000566913957986993
d__Bacteria;p__Bacteroidota;c__Bacteroidia;o__Bacteroidales;f__Marinifilaceae	0.000561441083685363
d__Bacteria;p__Proteobacteria;c__Gammaproteobacteria;o__Thiohalorhabdales;f__Thiohalorhabdaceae	0.000551158185385318
d__Bacteria;p__Bdellovibrionota;c__Oligoflexia;o__Oligoflexales;f__Oligoflexales	0.000540671085398324
d__Bacteria;p__Desulfobacterota;c__Desulfobacteria;o__Desulfobacterales;f__Desulfolunaceae	0.000533054709753399
d__Bacteria;p__NB1-j;c__NB1-j;o__NB1-j;f__NB1-j	0.000517910476792491
d__Bacteria;p__Proteobacteria;c__Alphaproteobacteria;o__Rickettsiales;f__AB1	0.00050027682078221
d__Bacteria;p__Proteobacteria;c__Alphaproteobacteria;o__Rhodospirillales;f__Magnetospiraceae	0.000488208702351245
d__Bacteria;p__Proteobacteria;c__Gammaproteobacteria;o__Alteromonadales;f__Marinobacteraceae	0.000485891605691875
d__Bacteria;p__Proteobacteria;c__Gammaproteobacteria;o__Oceanospirillales;f__Oleiphilaceae	0.000484127672440317
d__Bacteria;p__Proteobacteria;c__Gammaproteobacteria;o__Oceanospirillales;f__Gven-F17	0.000483418987932574
d__Bacteria;p__Proteobacteria;c__Gammaproteobacteria;o__Milano-WF1B-44;f__Milano-WF1B-44	0.000465816412968691
d__Bacteria;p__Cyanobacteria;c__Sericytochromatia;o__Sericytochromatia;f__Sericytochromatia	0.000457457062153108
d__Bacteria;p__Proteobacteria;c__Gammaproteobacteria;o__Pseudomonadales;f__Moraxellaceae	0.000456225718827759
d__Bacteria;p__Proteobacteria;c__Gammaproteobacteria;o__Nitrosococcales;f__Nitrosococcaceae	0.000453804596039894
d__Bacteria;p__Proteobacteria;c__Gammaproteobacteria;o__pItb-vmat-80;f__pItb-vmat-80	0.000429923062952829
d__Bacteria;p__Patescibacteria;c__Gracilibacteria;o__JGI_0000069-P22;f__JGI_0000069-P22	0.000425120151777768
d__Bacteria;p__Desulfobacterota;c__Desulfobulbia;o__Desulfobulbales;f__Desulfobulbaceae	0.000390663068440891
d__Bacteria;p__Proteobacteria;c__Alphaproteobacteria;o__Caulobacterales;f__Parvularculaceae	0.000378579688573004
d__Bacteria;p__Desulfobacterota;c__Desulfobacteria;o__Desulfobacterales;f__Desulfobacteraceae	0.000377815498936996
d__Bacteria;p__Proteobacteria;c__Gammaproteobacteria;o__uncultured;f__uncultured	0.000373455515822032
d__Bacteria;p__Verrucomicrobiota;c__Lentisphaeria;o__Lentisphaerales;f__Lentisphaeraceae	0.000370514645064899
d__Bacteria;p__Bacteroidota;c__Bacteroidia;o__Bacteroidales;f__Marinilabiliaceae	0.000366920369852652
d__Bacteria;p__Planctomycetota;__;__;__	0.000365739947351925
d__Bacteria;p__Bacteroidota;c__Bacteroidia;o__Cytophagales;__	0.000360660890300916
d__Bacteria;p__Chloroflexi;c__Anaerolineae;o__SBR1031;f__A4b	0.000349728919047484
d__Bacteria;p__Proteobacteria;c__Alphaproteobacteria;o__Puniceispirillales;f__uncultured	0.000346338297974222
d__Bacteria;p__Proteobacteria;c__Alphaproteobacteria;o__Rhizobiales;f__Xanthobacteraceae	0.000338585938238912
d__Bacteria;p__Proteobacteria;c__Alphaproteobacteria;o__uncultured;f__uncultured	0.000336328391361447
d__Bacteria;p__Proteobacteria;c__Alphaproteobacteria;o__Parvibaculales;f__uncultured	0.000334202107807422
d__Bacteria;p__Proteobacteria;c__Alphaproteobacteria;o__SAR11_clade;f__Clade_III	0.00032113369274477
d__Bacteria;p__Bacteroidota;c__Bacteroidia;o__Cytophagales;f__Flammeovirgaceae	0.000316434260324703
d__Bacteria;p__Planctomycetota;c__Planctomycetes;__;__	0.000311895202193047
d__Bacteria;p__Cyanobacteria;c__Cyanobacteriia;o__Phormidesmiales;f__Nodosilineaceae	0.000310752358556266
d__Bacteria;p__Proteobacteria;c__Alphaproteobacteria;o__Kordiimonadales;f__uncultured	0.000309665139736973
d__Bacteria;p__Fusobacteriota;c__Fusobacteriia;o__Fusobacteriales;f__Fusobacteriaceae	0.000309530762007761
d__Bacteria;p__Desulfobacterota;c__Desulfuromonadia;o__PB19;f__PB19	0.000307336272017329
d__Bacteria;p__Proteobacteria;c__Alphaproteobacteria;o__Rhizobiales;__	0.000301309523858562
d__Bacteria;p__Firmicutes;c__Clostridia;o__Lachnospirales;f__Lachnospiraceae	0.000301151172128817
d__Bacteria;p__Myxococcota;c__Polyangia;o__Nannocystales;f__Nannocystaceae	0.00028382744412942
d__Bacteria;p__Proteobacteria;c__Gammaproteobacteria;o__Oceanospirillales;f__Kangiellaceae	0.00028316055107825
d__Bacteria;p__Bacteroidota;c__Bacteroidia;o__Bacteroidetes_VC2.1_Bac22;f__Bacteroidetes_VC2.1_Bac22	0.000264290224492415
d__Bacteria;p__Actinobacteriota;c__Actinobacteria;o__Corynebacteriales;f__Dietziaceae	0.00026311009428906
d__Bacteria;p__Bacteroidota;c__Bacteroidia;o__Bacteroidales;__	0.000259052721165946
d__Bacteria;p__Desulfobacterota;__;__;__	0.000249279968997779
d__Bacteria;p__Bacteroidota;c__Bacteroidia;o__Sphingobacteriales;f__ST-12K33	0.000238993288520495
d__Bacteria;p__Proteobacteria;c__Gammaproteobacteria;o__Francisellales;f__Francisellaceae	0.000231370464515203
d__Bacteria;p__Planctomycetota;c__vadinHA49;o__vadinHA49;f__vadinHA49	0.000223521120040619
d__Bacteria;p__Patescibacteria;c__Saccharimonadia;o__Saccharimonadales;f__Saccharimonadales	0.000214821721302236
d__Bacteria;p__Proteobacteria;c__Gammaproteobacteria;o__Alteromonadales;f__Shewanellaceae	0.000214022810733219
d__Bacteria;p__Proteobacteria;c__Gammaproteobacteria;o__Burkholderiales;__	0.000211581348715307
d__Bacteria;p__Proteobacteria;c__Gammaproteobacteria;o__Alteromonadales;f__Moritellaceae	0.000201989243522108
d__Bacteria;p__Proteobacteria;c__Gammaproteobacteria;o__Pseudomonadales;f__Pseudomonadaceae	0.000195576925947217
d__Bacteria;p__Proteobacteria;c__Gammaproteobacteria;o__Ga0077536;f__Ga0077536	0.000184213087497797
d__Bacteria;p__Bdellovibrionota;c__Oligoflexia;o__0319-6G20;f__0319-6G20	0.000170558101841236
d__Bacteria;p__Dependentiae;c__Babeliae;o__Babeliales;f__Babeliales	0.000168497566905011
d__Bacteria;p__Cyanobacteria;c__Cyanobacteriia;o__Cyanobacteriales;f__Microcystaceae	0.000164727666463839
d__Bacteria;p__Proteobacteria;c__Gammaproteobacteria;o__Thiomicrospirales;f__Thiomicrospiraceae	0.000162701696695848
d__Bacteria;p__Cyanobacteria;c__Vampirivibrionia;o__Vampirovibrionales;f__Vampirovibrionales	0.000162328456963061
d__Bacteria;p__Proteobacteria;c__Gammaproteobacteria;o__Cellvibrionales;f__Porticoccaceae	0.000151868888660502
d__Bacteria;p__Campilobacterota;c__Campylobacteria;o__Campylobacterales;f__Sulfurovaceae	0.000149646163512829
d__Bacteria;p__Proteobacteria;c__Alphaproteobacteria;o__Caulobacterales;f__uncultured	0.000141431179626374
d__Bacteria;p__Proteobacteria;c__Gammaproteobacteria;o__Diplorickettsiales;f__Diplorickettsiaceae	0.00013989809563143
d__Bacteria;p__Proteobacteria;c__Alphaproteobacteria;o__Parvibaculales;f__PS1_clade	0.000136450352772619
d__Bacteria;p__Planctomycetota;c__Planctomycetes;o__Planctomycetales;__	0.000133801377773197
d__Bacteria;p__Bacteroidota;c__Bacteroidia;o__Bacteroidales;f__Paludibacteraceae	0.000132614368191196
d__Bacteria;p__Proteobacteria;c__Gammaproteobacteria;o__EC3;f__EC3	0.000127296800507117
d__Bacteria;p__Proteobacteria;c__Gammaproteobacteria;o__Cellvibrionales;f__BD2-7	0.000123524783100109
d__Bacteria;p__Proteobacteria;c__Gammaproteobacteria;o__AT-s2-59;f__AT-s2-59	0.000120683110514672
d__Bacteria;p__Proteobacteria;c__Gammaproteobacteria;o__B2M28;f__B2M28	0.000114503873096053
d__Bacteria;p__Myxococcota;c__Myxococcia;o__Myxococcales;f__Myxococcaceae	0.000114041852141249
d__Bacteria;p__Firmicutes;c__Bacilli;o__Izemoplasmatales;f__Izemoplasmataceae	0.000113573870155436
d__Bacteria;p__Firmicutes;c__Clostridia;o__Clostridia;f__Hungateiclostridiaceae	0.000111702478261856
d__Bacteria;p__Firmicutes;c__Clostridia;o__Lachnospirales;f__Defluviitaleaceae	0.000107372878927667
d__Bacteria;p__Proteobacteria;c__Gammaproteobacteria;o__Thiomicrospirales;f__Thioglobaceae	0.000107172135120631
d__Bacteria;p__Myxococcota;c__bacteriap25;o__bacteriap25;f__bacteriap25	0.000106970161489439
d__Bacteria;p__Bacteroidota;c__Bacteroidia;o__Bacteroidales;f__Bacteroidaceae	0.00010414017982905
d__Bacteria;p__Bacteroidota;c__Bacteroidia;o__Flavobacteriales;__	0.000103889839700138
d__Bacteria;p__Bacteroidota;c__Bacteroidia;o__Bacteroidales;f__Bacteroidetes_BD2-2	0.000100480999556882
d__Bacteria;p__Actinobacteriota;c__Actinobacteria;o__PeM15;f__PeM15	9.76573982607273e-05
d__Bacteria;p__Bacteroidota;c__Bacteroidia;o__Bacteroidales;f__SB-5	9.74451850812644e-05
d__Bacteria;p__Patescibacteria;c__Gracilibacteria;o__Absconditabacteriales_(SR1);f__Absconditabacteriales_(SR1)	9.11594967449633e-05
d__Bacteria;p__Latescibacterota;c__Latescibacterota;o__Latescibacterota;f__Latescibacterota	8.89844790363494e-05
d__Bacteria;p__Cyanobacteria;c__Cyanobacteriia;o__Cyanobacteriales;f__Phormidiaceae	8.65630946907062e-05
d__Bacteria;p__Firmicutes;c__Bacilli;o__Erysipelotrichales;f__Erysipelotrichaceae	8.31098815990926e-05
d__Bacteria;p__Proteobacteria;c__Alphaproteobacteria;o__Rhizobiales;f__Rhizobiales_Incertae_Sedis	8.20082326145848e-05
d__Bacteria;p__Proteobacteria;c__Alphaproteobacteria;o__Puniceispirillales;f__SAR116_clade	7.62255041032607e-05
d__Bacteria;p__Proteobacteria;c__Gammaproteobacteria;o__Burkholderiales;f__Oxalobacteraceae	7.31416028387582e-05
d__Bacteria;p__Spirochaetota;c__Spirochaetia;o__Spirochaetales;f__Spirochaetaceae	7.16894094660433e-05
d__Bacteria;p__Bacteroidota;c__Bacteroidia;o__Bacteroidales;f__Porphyromonadaceae	7.00210629881718e-05
d__Bacteria;p__Cyanobacteria;c__Cyanobacteriia;o__Cyanobacteriales;f__Cyanobacteriaceae	6.64801124228824e-05
d__Bacteria;p__Proteobacteria;c__Gammaproteobacteria;o__CH2b56;f__CH2b56	6.522921183487e-05
d__Bacteria;p__Proteobacteria;c__Alphaproteobacteria;o__Parvibaculales;f__Parvibaculaceae	6.29514701532506e-05
d__Bacteria;p__Firmicutes;c__Bacilli;o__Staphylococcales;f__Staphylococcaceae	6.15085809849527e-05
d__Bacteria;p__Proteobacteria;c__Alphaproteobacteria;o__Rhizobiales;f__Methyloligellaceae	6.08151426402212e-05
d__Bacteria;p__Bacteroidota;c__Bacteroidia;o__Bacteroidales;f__Tannerellaceae	6.03946995795506e-05
d__Archaea;p__Crenarchaeota;c__Nitrososphaeria;o__Nitrosopumilales;f__Nitrosopumilaceae	5.7677695272575e-05
d__Bacteria;p__Planctomycetota;c__Phycisphaerae;o__MSBL9;f__4572-13	5.60563209300447e-05
d__Bacteria;p__Proteobacteria;c__Gammaproteobacteria;o__Ectothiorhodospirales;f__Ectothiorhodospiraceae	5.58570496035423e-05
d__Bacteria;p__Planctomycetota;c__Planctomycetes;o__Planctomycetales;f__Gimesiaceae	5.41880855257148e-05
d__Bacteria;p__Dependentiae;c__Babeliae;o__Babeliales;__	5.07587703264178e-05
d__Bacteria;p__Proteobacteria;c__Gammaproteobacteria;o__Xanthomonadales;f__Rhodanobacteraceae	4.94715093354123e-05
d__Archaea;p__Thermoplasmatota;c__Thermoplasmata;o__Marine_Group_II;f__Marine_Group_II	4.94383870504842e-05
d__Bacteria;p__Proteobacteria;c__Gammaproteobacteria;o__Oceanospirillales;f__Litoricolaceae	4.82350358050252e-05
d__Bacteria;p__Fusobacteriota;c__Fusobacteriia;o__Fusobacteriales;f__Leptotrichiaceae	4.50913498630202e-05
d__Bacteria;p__Planctomycetota;c__Pla3_lineage;o__Pla3_lineage;f__Pla3_lineage	4.4873205476147e-05
d__Bacteria;p__Chloroflexi;c__Anaerolineae;o__Caldilineales;f__Caldilineaceae	4.3883179023189e-05
d__Bacteria;p__Calditrichota;c__Calditrichia;o__Calditrichales;f__Calditrichaceae	4.31936194136841e-05
d__Bacteria;p__Bacteroidota;c__Ignavibacteria;o__Ignavibacteriales;f__Melioribacteraceae	4.23135980687571e-05
d__Bacteria;p__Bdellovibrionota;c__Oligoflexia;o__Silvanigrellales;f__Silvanigrellaceae	4.18643952177973e-05
d__Bacteria;p__Proteobacteria;c__Gammaproteobacteria;o__Burkholderiales;f__Nitrosomonadaceae	4.06702262964596e-05
d__Bacteria;p__Planctomycetota;c__Phycisphaerae;o__MSBL9;f__SG8-4	4.0249309100217e-05
d__Bacteria;p__Desulfobacterota;c__Syntrophobacteria;o__Syntrophobacterales;f__uncultured	3.98990804108449e-05
d__Bacteria;p__Bacteroidota;c__Bacteroidia;o__Cytophagales;f__Microscillaceae	3.83752028409407e-05
d__Bacteria;p__Proteobacteria;c__Alphaproteobacteria;o__Rickettsiales;__	3.7771810079039e-05
d__Bacteria;p__Proteobacteria;c__Gammaproteobacteria;o__Coxiellales;f__Coxiellaceae	3.7344926696932e-05
d__Bacteria;p__Proteobacteria;c__Gammaproteobacteria;o__UBA10353_marine_group;f__UBA10353_marine_group	3.71323578946292e-05
d__Bacteria;p__Proteobacteria;c__Alphaproteobacteria;o__Kordiimonadales;f__Kordiimonadaceae	3.61025464212316e-05
d__Bacteria;p__Desulfobacterota;c__Desulfuromonadia;o__Sva1033;f__Sva1033	3.56624651153408e-05
d__Bacteria;p__Verrucomicrobiota;c__Verrucomicrobiae;o__Verrucomicrobiales;f__Akkermansiaceae	3.44135590149383e-05
d__Bacteria;p__Firmicutes;c__Clostridia;o__Peptostreptococcales-Tissierellales;f__Peptostreptococcaceae	3.35388066415257e-05
d__Bacteria;p__Proteobacteria;c__Alphaproteobacteria;o__Defluviicoccales;f__Defluviicoccaceae	3.03799154736948e-05
d__Bacteria;p__Bacteroidota;c__Bacteroidia;o__Chitinophagales;__	3.00274362799293e-05
d__Bacteria;p__Firmicutes;c__Bacilli;o__Bacillales;f__Bacillaceae	2.99870447676615e-05
d__Bacteria;p__Bacteroidota;c__Bacteroidia;o__Bacteroidales;f__Rikenellaceae	2.9921223178581e-05
d__Bacteria;p__Firmicutes;c__Bacilli;o__Lactobacillales;f__Streptococcaceae	2.88984686053741e-05
d__Bacteria;p__Proteobacteria;c__Alphaproteobacteria;o__Holosporales;f__Holosporaceae	2.84594297793632e-05
d__Bacteria;p__Cloacimonadota;c__Cloacimonadia;o__Cloacimonadales;f__MSBL8	2.79711835989023e-05
d__Bacteria;p__Proteobacteria;c__Gammaproteobacteria;o__Burkholderiales;f__Alcaligenaceae	2.77755558425976e-05
d__Bacteria;p__Verrucomicrobiota;c__Verrucomicrobiae;o__Pedosphaerales;f__Pedosphaeraceae	2.575821612932e-05
d__Bacteria;p__Proteobacteria;c__Alphaproteobacteria;o__Thalassobaculales;f__Nisaeaceae	2.56374419413176e-05
d__Bacteria;p__Bacteroidota;c__Bacteroidia;o__Sphingobacteriales;f__Lentimicrobiaceae	2.55476879639371e-05
d__Bacteria;p__Sva0485;c__Sva0485;o__Sva0485;f__Sva0485	2.53967880748649e-05
d__Bacteria;p__Proteobacteria;c__Gammaproteobacteria;o__SAR86_clade;f__SAR86_clade	2.53323441072362e-05
d__Bacteria;p__Gemmatimonadota;c__BD2-11_terrestrial_group;o__BD2-11_terrestrial_group;f__BD2-11_terrestrial_group	2.23555321200337e-05
d__Bacteria;p__Actinobacteriota;c__Thermoleophilia;o__Solirubrobacterales;f__67-14	2.16738764315461e-05
d__Bacteria;p__Verrucomicrobiota;c__Verrucomicrobiae;o__Opitutales;f__Opitutaceae	2.12056456469216e-05
d__Bacteria;p__Gemmatimonadota;c__PAUC43f_marine_benthic_group;o__PAUC43f_marine_benthic_group;f__PAUC43f_marine_benthic_group	1.83021714984094e-05
d__Bacteria;p__Nitrospinota;c__Nitrospinia;o__Nitrospinales;f__Nitrospinaceae	1.77996448975204e-05
d__Archaea;p__Nanoarchaeota;c__Nanoarchaeia;o__Woesearchaeales;f__SCGC_AAA011-D5	1.57869083310609e-05
d__Bacteria;p__Verrucomicrobiota;c__Lentisphaeria;o__P.palmC41;f__P.palmC41	1.38820971586562e-05
d__Bacteria;p__Bacteroidota;c__Bacteroidia;o__Bacteroidales;f__Muribaculaceae	1.38685373772728e-05
d__Bacteria;p__Myxococcota;c__Polyangia;o__Haliangiales;f__Haliangiaceae	1.36848360289422e-05
d__Bacteria;p__Proteobacteria;c__Gammaproteobacteria;o__Ectothiorhodospirales;f__Thioalkalispiraceae	1.36561057657918e-05
d__Bacteria;p__Acidobacteriota;c__Subgroup_22;o__Subgroup_22;f__Subgroup_22	1.31175657658175e-05
d__Bacteria;p__Campilobacterota;c__Campylobacteria;o__Campylobacterales;f__Arcobacteraceae	1.30793326837398e-05
d__Bacteria;p__Desulfobacterota;c__Desulfovibrionia;o__Desulfovibrionales;f__Desulfovibrionaceae	1.25317350518003e-05
d__Bacteria;p__Margulisbacteria;c__Margulisbacteria;o__Margulisbacteria;f__Margulisbacteria	1.23114079978789e-05
d__Bacteria;p__Verrucomicrobiota;c__Lentisphaeria;o__SS1-B-02-17;f__SS1-B-02-17	1.14647386439922e-05
d__Bacteria;p__Desulfobacterota;c__Desulfobacteria;o__Desulfobacterales;f__uncultured	1.13007028498466e-05
d__Bacteria;p__Proteobacteria;c__Gammaproteobacteria;o__BD72BR169;f__BD72BR169	1.09478026356256e-05
d__Bacteria;p__Proteobacteria;c__Alphaproteobacteria;o__Rhodospirillales;__	1.03820943913822e-05
d__Bacteria;p__Proteobacteria;c__Gammaproteobacteria;o__Burkholderiales;f__Rhodocyclaceae	9.73452457540776e-06
d__Bacteria;p__LCP-89;c__LCP-89;o__LCP-89;f__LCP-89	9.20945250325428e-06
d__Bacteria;p__Bacteroidota;c__Ignavibacteria;o__Ignavibacteriales;f__PHOS-HE36	8.20233983997328e-06
d__Bacteria;p__Firmicutes;c__Bacilli;o__Exiguobacterales;f__Exiguobacteraceae	8.1345679210953e-06
d__Bacteria;p__Proteobacteria;c__Alphaproteobacteria;o__Alphaproteobacteria;f__Alphaproteobacteria	6.45114786857256e-06
d__Bacteria;p__Proteobacteria;c__Gammaproteobacteria;o__Oceanospirillales;f__Alcanivoracaceae1	6.3599521506863e-06
d__Bacteria;p__Planctomycetota;c__SGST604;o__SGST604;f__SGST604	6.25991370480516e-06
d__Bacteria;p__Firmicutes;c__Negativicutes;o__Veillonellales-Selenomonadales;f__Sporomusaceae	6.21604295302216e-06
d__Bacteria;p__Proteobacteria;c__Gammaproteobacteria;o__Oceanospirillales;f__Endozoicomonadaceae	6.19013055679947e-06
d__Bacteria;p__Proteobacteria;c__Gammaproteobacteria;o__Run-SP154;f__Run-SP154	5.81471800686174e-06
d__Bacteria;p__Proteobacteria;c__Alphaproteobacteria;o__Defluviicoccales;f__uncultured	5.74131337275727e-06
d__Bacteria;p__Firmicutes;c__Clostridia;o__Peptostreptococcales-Tissierellales;f__Fusibacteraceae	4.9037117845539e-06
d__Bacteria;p__Actinobacteriota;c__Actinobacteria;o__Micrococcales;f__Microbacteriaceae	4.84397024264343e-06
d__Bacteria;p__Myxococcota;c__Polyangia;o__Polyangiales;f__BIrii41	4.80474432347055e-06
d__Bacteria;p__Actinobacteriota;c__Acidimicrobiia;o__Actinomarinales;f__uncultured	4.12311487963089e-06
d__Bacteria;p__Proteobacteria;c__Alphaproteobacteria;o__Parvibaculales;__	3.66392233853011e-06
d__Bacteria;p__Firmicutes;c__Clostridia;o__Peptostreptococcales-Tissierellales;f__Anaerovoracaceae	3.62856721484336e-06
d__Bacteria;p__Chloroflexi;c__Anaerolineae;o__Anaerolineales;f__Anaerolineaceae	2.82502504050533e-06
d__Bacteria;p__Proteobacteria;c__Gammaproteobacteria;o__Oceanospirillales;f__Oceanospirillaceae	2.76649666716031e-06
d__Bacteria;p__Proteobacteria;c__Gammaproteobacteria;o__Steroidobacterales;f__Steroidobacteraceae	2.6718096911115e-06
d__Bacteria;p__Proteobacteria;c__Alphaproteobacteria;o__Sneathiellales;f__Sneathiellaceae	2.33192595266218e-06
d__Archaea;p__Nanoarchaeota;c__Nanoarchaeia;o__Woesearchaeales;f__Woesearchaeales	2.01299443461698e-06
d__Bacteria;p__Proteobacteria;c__Gammaproteobacteria;o__Xanthomonadales;f__Xanthomonadaceae	1.65689077888082e-06
d__Bacteria;p__Myxococcota;c__Polyangia;o__Polyangiales;f__Eel-36e1D6	1.45133886543586e-06
d__Bacteria;p__Firmicutes;c__Clostridia;o__Lachnospirales;__	1.38291019643153e-06
d__Bacteria;p__Proteobacteria;c__Gammaproteobacteria;o__Alteromonadales;__	1.36207905378753e-06
d__Bacteria;p__Deferrisomatota;c__Defferrisomatia;o__Defferrisomatales;f__Defferrisomataceae	1.35918549672842e-06
d__Bacteria;p__Proteobacteria;c__Alphaproteobacteria;o__Parvibaculales;f__OCS116_clade	1.08420554783884e-06
d__Bacteria;p__Cyanobacteria;c__Cyanobacteriia;__;__	9.49627080659307e-07
d__Bacteria;p__Firmicutes;c__Bacilli;o__Bacillales;f__Planococcaceae	9.32533588412995e-07
d__Bacteria;p__Chloroflexi;c__Dehalococcoidia;__;__	7.36547388092252e-07
d__Bacteria;p__Proteobacteria;c__Gammaproteobacteria;o__Enterobacterales;__	6.27607211166323e-07
d__Bacteria;p__Acidobacteriota;c__Vicinamibacteria;o__Subgroup_17;f__Subgroup_17	6.25138938183356e-07
d__Bacteria;p__Firmicutes;c__Bacilli;o__Bacillales;f__Marinococcaceae	6.09558508889348e-07
d__Bacteria;p__Firmicutes;c__Bacilli;o__Lactobacillales;f__Lactobacillaceae	5.0703534139259e-07
d__Bacteria;p__Bacteroidota;c__Ignavibacteria;o__Ignavibacteriales;f__Ignavibacteriaceae	3.94431766790577e-07
d__Bacteria;p__Proteobacteria;c__Gammaproteobacteria;o__Oceanospirillales;f__P13-46	3.46468506479526e-07
d__Bacteria;p__Proteobacteria;c__Alphaproteobacteria;o__Rhodospirillales;f__AEGEAN-169_marine_group	1.62732764451546e-07
d__Bacteria;p__Proteobacteria;c__Gammaproteobacteria;o__Ectothiorhodospirales;__	1.49208611522551e-07
d__Bacteria;p__Firmicutes;c__Bacilli;o__Staphylococcales;f__Gemellaceae	9.74655468848544e-08
d__Bacteria;p__Firmicutes;c__Clostridia;o__Clostridia_vadinBB60_group;f__Clostridia_vadinBB60_group	8.32952766916352e-08
d__Bacteria;p__Bacteroidota;c__Bacteroidia;o__Sphingobacteriales;f__AKYH767	7.48933376100577e-08
d__Bacteria;p__Proteobacteria;c__Gammaproteobacteria;o__Chromatiales;__	4.08725747173467e-08
d__Bacteria;p__Proteobacteria;c__Gammaproteobacteria;o__D90;f__D90	3.56475608352894e-08
d__Bacteria;p__Fermentibacterota;c__Fermentibacteria;o__Fermentibacterales;f__Fermentibacteraceae	1.22495892594908e-08
d__Bacteria;p__Firmicutes;c__Clostridia;o__Christensenellales;f__Christensenellaceae	1.00277713779809e-08
d__Bacteria;p__Actinobacteriota;c__Acidimicrobiia;o__Actinomarinales;f__Actinomarinaceae	9.83052001406287e-09
d__Bacteria;p__Marinimicrobia_(SAR406_clade);c__Marinimicrobia_(SAR406_clade);o__Marinimicrobia_(SAR406_clade);f__Marinimicrobia_(SAR406_clade)	6.6241178060416e-09
d__Bacteria;p__Acidobacteriota;c__Aminicenantia;o__Aminicenantales;f__Aminicenantales	1.97383806385477e-09
d__Bacteria;p__Planctomycetota;c__Phycisphaerae;o__Phycisphaerales;f__AKAU3564_sediment_group	1.35300501771508e-09
d__Bacteria;p__Firmicutes;c__Clostridia;__;__	7.76491508047701e-10
d__Bacteria;p__Proteobacteria;c__Gammaproteobacteria;o__Burkholderiales;f__Neisseriaceae	4.5642259846145e-11
d__Bacteria;p__Acidobacteriota;c__Subgroup_26;o__Subgroup_26;f__Subgroup_26	0
d__Bacteria;p__Proteobacteria;c__Gammaproteobacteria;o__Enterobacterales;f__Morganellaceae	0
d__Bacteria;p__Proteobacteria;c__Gammaproteobacteria;o__Enterobacterales;f__Yersiniaceae	0
d__Bacteria;p__Proteobacteria;c__Gammaproteobacteria;o__HglApr721;f__HglApr721	0
d__Bacteria;p__Proteobacteria;c__Gammaproteobacteria;o__SS1-B-07-19;f__SS1-B-07-19	0
d__Bacteria;p__Proteobacteria;c__Gammaproteobacteria;o__Burkholderiales;f__Chitinibacteraceae	0
d__Bacteria;p__Bacteroidota;c__Bacteroidia;o__Sphingobacteriales;__	0
d__Bacteria;p__Myxococcota;c__Polyangia;o__MidBa8;f__MidBa8	0
d__Bacteria;p__Bacteroidota;c__Bacteroidia;o__Sphingobacteriales;f__LiUU-11-161	0
